code_commit,category,tier,measurement_mode,attempts,passed,failed_selection_invariant,degraded_reader,failed_execution,cli_wall_min_seconds,cli_wall_median_seconds,cli_wall_max_seconds,selected_shots_min,selected_shots_max,new_caption_assets
9eb168126c0f24f6cced39a0316f0045132e56c8,years,nas,nas_baseline,4,4,0,0,0,253.885320375,870.138380750,4356.65074825,114,164,0
9eb168126c0f24f6cced39a0316f0045132e56c8,years,gpu,historical_independent,3,3,0,0,0,140.350421333,263.310795375,3663.587856542,114,164,0
9eb168126c0f24f6cced39a0316f0045132e56c8,years,full,historical_independent,2,2,0,0,0,970.430819167,974.4123297505,978.393840334,113,160,0
9eb168126c0f24f6cced39a0316f0045132e56c8,years,full,incremental,2,1,0,1,0,1835.993097917,2148.9417205835,2461.89034325,161,164,11
9eb168126c0f24f6cced39a0316f0045132e56c8,years,gpu,incremental,1,1,0,0,0,176.151096958,176.151096958,176.151096958,164,164,0
9eb168126c0f24f6cced39a0316f0045132e56c8,months,nas,nas_baseline,7,7,0,0,0,49.091633083,191.227325375,645.008920917,16,18,0
9eb168126c0f24f6cced39a0316f0045132e56c8,months,gpu,historical_independent,6,6,0,0,0,47.814065541,128.5954856875,601.570745833,16,18,0
9eb168126c0f24f6cced39a0316f0045132e56c8,months,full,historical_independent,6,6,0,0,0,100.208061333,336.5436578125,402.097168417,14,18,0
9eb168126c0f24f6cced39a0316f0045132e56c8,months,gpu,incremental,1,1,0,0,0,26.93445075,26.93445075,26.93445075,16,16,0
9eb168126c0f24f6cced39a0316f0045132e56c8,months,full,incremental,1,1,0,0,0,131.519528333,131.519528333,131.519528333,16,16,0
9eb168126c0f24f6cced39a0316f0045132e56c8,trips,nas,nas_baseline,4,4,0,0,0,176.378431125,629.148362542,722.296730417,38,56,0
9eb168126c0f24f6cced39a0316f0045132e56c8,trips,gpu,incremental,4,4,0,0,0,17.972540584,59.744640354,85.644363542,38,55,1
9eb168126c0f24f6cced39a0316f0045132e56c8,trips,full,incremental,4,4,0,0,0,280.7760695,360.284123812,421.177540333,37,55,0
9eb168126c0f24f6cced39a0316f0045132e56c8,seasons,nas,nas_baseline,3,3,0,0,0,159.346197875,203.009399583,1254.167004459,41,50,0
9eb168126c0f24f6cced39a0316f0045132e56c8,seasons,gpu,incremental,3,3,0,0,0,27.823374959,28.162344792,87.217427667,40,50,0
9eb168126c0f24f6cced39a0316f0045132e56c8,seasons,full,incremental,3,2,1,0,0,264.759558708,430.241398334,580.812390583,41,50,0
9eb168126c0f24f6cced39a0316f0045132e56c8,people,nas,nas_baseline,6,6,0,0,0,252.918183791,955.296305583,1264.020491375,112,159,0
9eb168126c0f24f6cced39a0316f0045132e56c8,people,gpu,incremental,6,5,1,0,0,46.27541725,80.370122584,139.818949125,111,159,14
9eb168126c0f24f6cced39a0316f0045132e56c8,people,full,incremental,6,5,0,0,1,559.818232458,797.9431486665,943.941530708,111,159,0
9eb168126c0f24f6cced39a0316f0045132e56c8,special_days,nas,nas_baseline,4,4,0,0,0,38.620825458,60.3945959375,101.671621959,4,13,0
9eb168126c0f24f6cced39a0316f0045132e56c8,special_days,gpu,incremental,4,4,0,0,0,15.491562458,17.110678750,21.223294084,4,13,0
9eb168126c0f24f6cced39a0316f0045132e56c8,special_days,full,incremental,4,4,0,0,0,33.807134959,49.1399993755,143.494301417,4,13,0
